Pharmacode;Jahr
7741871;2021
10006616;2021
10006617;2021
7741872;2021
10006619;2021
10006634;2021
10006620;2021
10013890;2021
10015237;2021
10015202;2021
10006705;2021
10015382;2021
7742214;2021
10013828;2021
7741869;2021
10006440;2021
10004475;2021
7742194;2021
7742195;2021
10006701;2021
10013772;2021
10007800;2021
10015393;2021
10013809;2021
7742213;2021
7742216;2021
7758677;2021
7742182;2021
10006630;2021
7742183;2021
10006629;2021
10012730;2021
7741871;2022
7758675;2022
10006617;2022
7741872;2022
7741873;2022
10006619;2022
7742207;2022
7816252;2022
10015563;2022
7742199;2022
10015382;2022
7742214;2022
10013828;2022
7742200;2022
7741869;2022
7742220;2022
10004475;2022
7812359;2022
7742190;2022
7742191;2022
7742192;2022
7742193;2022
7742194;2022
7742195;2022
7742196;2022
10013772;2022
10015841;2022
10013826;2022
10015393;2022
7758674;2022
7742213;2022
7742216;2022
7742182;2022
10006629;2022
10012730;2022
7743997;2023
7741871;2023
7758675;2023
10012718;2023
7741872;2023
7742207;2023
7742205;2023
7816252;2023
7816253;2023
7742199;2023
7742179;2023
10015382;2023
7742214;2023
7742200;2023
7741869;2023
7742220;2023
7742190;2023
7742191;2023
7742192;2023
7742193;2023
7742194;2023
7742195;2023
7767117;2023
7742196;2023
10013772;2023
10015841;2023
10013826;2023
10015393;2023
10016212;2023
10016218;2023
7758674;2023
7742213;2023
7742182;2023
10012730;2023
10012718;2021
7758673;2021
7742207;2021
7742205;2021
10015564;2021
10015563;2021
10015646;2021
7816252;2021
7816253;2021
7742199;2021
10013827;2021
10006495;2021
10012599;2021
7742200;2021
7758678;2021
7812361;2021
7743997;2022
10012718;2022
7742205;2022
7742179;2022
10013827;2022
10016054;2022
7767117;2022
10016212;2022
10016218;2022
7742202;2022
7758677;2022
7758678;2022
7742215;2023
